time,meal_type,food,carbs,sugar,steps,exercise_min,activity_type,heart_rate,prev_glucose,predicted_glucose,BMI,family_history,diabetes_risk,health_score
09:00,Breakfast,salad,10,2,4820,27,1,100,96,80,30,1,0,84
18:00,Lunch,apple,20,12,417,1,2,81,232,246,22,1,2,45
07:00,Snack,dosa,35,5,1914,1,0,75,219,227,22,1,2,42
07:00,Dinner,apple,20,12,3174,29,1,93,185,157,23,0,1,66
09:00,Snack,samosa,40,15,2166,38,1,109,139,129,27,1,0,85
18:00,Dinner,oats,25,5,4901,7,1,101,108,80,31,0,0,82
18:00,Lunch,dosa,35,5,819,10,2,86,165,175,25,1,1,64
09:00,Dinner,chapati,35,3,803,5,1,92,188,202,26,0,2,50
18:00,Lunch,upma,30,4,3350,23,0,81,232,208,30,1,2,43
07:00,Evening,rice,60,5,4875,9,1,89,228,216,26,1,2,54
09:00,Breakfast,dosa,35,5,2757,1,1,108,108,106,26,0,0,90
09:00,Lunch,idli,30,5,2138,31,2,102,106,93,28,0,0,90
20:00,Dinner,samosa,40,15,2389,26,0,88,232,228,31,0,2,52
12:00,Dinner,salad,10,2,592,39,1,96,166,147,28,0,1,70
07:00,Lunch,salad,10,2,4306,32,2,109,163,112,27,0,0,95
15:00,Breakfast,dosa,35,5,3962,29,2,77,163,132,24,1,0,95
18:00,Lunch,biscuit,20,10,1846,4,1,94,199,195,30,1,2,41
18:00,Evening,coffee,10,8,2114,20,0,90,126,104,31,1,0,94
20:00,Evening,chapati,35,3,4784,29,0,82,87,80,30,1,0,81
15:00,Evening,nuts,15,4,1508,15,1,103,126,115,30,0,0,87
07:00,Breakfast,bread,40,8,2929,33,1,103,164,146,27,0,1,62
20:00,Snack,roti,40,3,2238,36,0,91,228,217,27,1,2,44
15:00,Dinner,milk,15,10,4974,31,0,89,237,186,29,1,2,50
07:00,Dinner,salad,10,2,1194,5,1,103,233,226,30,0,2,49
18:00,Snack,juice,30,20,3608,3,1,106,140,129,27,0,0,94
07:00,Evening,bread,40,8,4610,39,2,96,85,80,28,1,0,89
18:00,Evening,rice,60,5,528,36,1,108,94,111,27,0,0,82
07:00,Breakfast,juice,30,20,3489,30,2,73,219,195,28,0,2,42
12:00,Dinner,samosa,40,15,3617,17,2,98,117,106,23,0,0,82
18:00,Evening,nuts,15,4,4002,17,2,92,203,166,26,1,1,69
09:00,Snack,juice,30,20,3525,9,2,79,147,133,27,1,0,92
12:00,Evening,apple,20,12,1645,6,1,86,176,172,24,1,1,60
09:00,Dinner,chapati,35,3,856,10,1,78,93,108,23,0,0,88
12:00,Evening,biscuit,20,10,906,26,2,99,194,189,27,0,2,46
20:00,Breakfast,bread,40,8,2775,9,1,76,196,192,24,1,2,43
20:00,Dinner,juice,30,20,2185,31,1,87,198,189,26,0,2,48
12:00,Breakfast,nuts,15,4,2831,7,1,96,122,102,32,0,0,89
20:00,Breakfast,banana,25,15,4565,3,1,97,149,126,32,1,0,88
12:00,Lunch,salad,10,2,3523,8,0,87,190,158,23,0,1,74
18:00,Breakfast,biryani,70,8,3993,40,2,91,178,167,22,0,1,73
09:00,Evening,banana,25,15,3725,36,2,73,101,80,30,0,0,90
20:00,Snack,biryani,70,8,2915,40,1,95,101,98,22,0,0,94
15:00,Snack,banana,25,15,1241,28,1,105,211,204,27,0,2,45
09:00,Breakfast,orange,20,10,486,35,2,84,115,111,24,1,0,91
15:00,Snack,upma,30,4,3988,26,0,104,185,152,27,0,1,63
07:00,Lunch,idli,30,5,3327,4,0,96,153,139,25,0,0,80
15:00,Snack,biscuit,20,10,3434,31,2,72,146,112,23,1,0,83
07:00,Dinner,milk,15,10,1153,16,2,81,99,93,23,0,0,95
20:00,Snack,salad,10,2,2159,40,1,95,235,200,24,1,2,53
15:00,Snack,biryani,70,8,4762,20,2,75,88,81,26,1,0,93
20:00,Breakfast,orange,20,10,3981,6,1,92,101,80,22,1,0,95
12:00,Breakfast,biscuit,20,10,3903,3,0,107,213,190,31,0,2,45
18:00,Lunch,dosa,35,5,1627,2,2,77,210,218,32,0,2,42
15:00,Evening,nuts,15,4,3219,33,0,83,138,101,29,0,0,85
07:00,Evening,banana,25,15,4968,34,2,93,122,80,27,0,0,90
15:00,Lunch,nuts,15,4,650,15,2,108,86,83,27,0,0,89
07:00,Dinner,bread,40,8,3938,27,0,83,184,162,31,0,1,62
18:00,Lunch,salad,10,2,2531,32,2,77,192,159,31,0,1,72
15:00,Snack,samosa,40,15,2038,40,2,91,129,121,24,0,0,89
09:00,Snack,dosa,35,5,712,2,2,94,195,210,31,0,2,48
18:00,Dinner,dosa,35,5,1405,39,0,97,148,141,31,0,1,68
09:00,Evening,milk,15,10,4373,6,2,103,202,170,30,0,1,61
12:00,Snack,orange,20,10,4997,17,2,79,111,80,29,1,0,86
18:00,Snack,upma,30,4,4681,21,0,82,150,117,22,0,0,86
07:00,Breakfast,dosa,35,5,4587,14,2,88,121,92,26,1,0,81
07:00,Snack,milk,15,10,824,21,0,100,141,137,27,1,0,80
07:00,Dinner,poha,35,5,730,13,0,87,240,250,24,0,2,47
09:00,Breakfast,chapati,35,3,1989,11,1,81,204,203,23,1,2,52
09:00,Dinner,poha,35,5,4190,18,2,86,226,204,26,1,2,48
12:00,Snack,nuts,15,4,619,40,0,100,209,193,24,0,2,41
07:00,Snack,orange,20,10,3320,29,0,87,98,80,32,0,0,95
20:00,Evening,apple,20,12,3590,20,0,92,166,136,25,1,0,82
20:00,Lunch,samosa,40,15,1675,2,0,109,217,234,23,0,2,57
18:00,Dinner,orange,20,10,2413,28,2,101,220,198,32,1,2,53
20:00,Evening,samosa,40,15,4704,2,0,92,163,145,24,1,1,60
18:00,Evening,rice,60,5,3831,17,2,108,150,149,22,0,1,69
07:00,Snack,chapati,35,3,902,4,1,103,87,102,25,0,0,91
15:00,Lunch,orange,20,10,1768,31,1,82,112,96,27,1,0,94
15:00,Snack,banana,25,15,2219,22,0,91,93,81,28,0,0,85
18:00,Evening,chapati,35,3,3604,8,2,80,239,223,30,1,2,46
07:00,Breakfast,biryani,70,8,1072,31,0,92,229,250,31,0,2,47
09:00,Evening,banana,25,15,3058,31,0,106,90,80,26,1,0,87
09:00,Evening,upma,30,4,2397,26,1,90,89,80,29,0,0,89
18:00,Snack,samosa,40,15,2984,15,0,83,150,146,30,0,1,68
18:00,Dinner,oats,25,5,2556,10,2,104,197,187,24,1,2,43
18:00,Snack,coffee,10,8,1113,16,1,97,107,97,29,1,0,80
20:00,Breakfast,juice,30,20,2461,21,0,84,181,173,29,1,1,68
07:00,Dinner,nuts,15,4,4206,20,0,82,168,127,31,0,0,80
07:00,Evening,nuts,15,4,1029,23,1,85,133,123,31,0,0,93
20:00,Breakfast,orange,20,10,2419,40,2,84,228,199,23,1,2,41
09:00,Lunch,idli,30,5,1588,29,2,83,150,142,24,0,1,63
12:00,Breakfast,roti,40,3,3511,1,2,86,218,214,29,0,2,57
15:00,Evening,rice,60,5,4380,22,1,94,195,182,28,1,2,56
18:00,Evening,poha,35,5,488,1,1,104,130,147,27,1,1,75
15:00,Dinner,rice,60,5,1248,1,2,89,142,173,30,1,1,61
20:00,Lunch,salad,10,2,3176,40,1,72,151,107,24,0,0,92
20:00,Breakfast,chapati,35,3,1439,32,2,89,205,198,29,1,2,55
09:00,Snack,orange,20,10,3029,13,2,91,105,84,22,0,0,82
09:00,Snack,apple,20,12,1994,33,1,97,151,131,22,1,0,93
09:00,Snack,juice,30,20,1306,17,0,78,142,144,32,0,1,73
09:00,Snack,salad,10,2,1813,18,2,99,191,172,26,0,1,63
12:00,Snack,upma,30,4,1905,1,1,104,99,98,25,0,0,92
20:00,Dinner,orange,20,10,1534,34,0,97,130,114,26,0,0,92
20:00,Evening,chapati,35,3,398,3,0,94,128,146,25,0,1,74
18:00,Breakfast,upma,30,4,4336,39,0,108,180,139,23,1,0,85
20:00,Snack,chapati,35,3,4102,28,1,79,101,80,22,1,0,91
18:00,Breakfast,idli,30,5,915,14,1,75,175,182,23,0,2,46
20:00,Breakfast,upma,30,4,507,5,1,96,232,243,24,1,2,49
18:00,Dinner,banana,25,15,4785,35,1,83,113,80,25,0,0,90
20:00,Lunch,nuts,15,4,1117,18,2,77,105,96,26,0,0,92
20:00,Breakfast,juice,30,20,2453,24,1,87,165,155,27,0,1,74
07:00,Snack,juice,30,20,980,20,1,95,88,92,23,0,0,91
12:00,Evening,idli,30,5,1646,29,2,93,127,118,23,0,0,91
12:00,Dinner,juice,30,20,3931,20,0,88,135,109,27,1,0,85
20:00,Snack,apple,20,12,1368,7,1,97,89,88,24,0,0,93
07:00,Breakfast,roti,40,3,2138,40,0,79,111,101,31,0,0,92
07:00,Breakfast,dosa,35,5,463,38,2,81,222,225,26,0,2,41
18:00,Snack,orange,20,10,1300,32,0,89,203,192,22,1,2,48
09:00,Evening,apple,20,12,1989,30,0,92,210,193,26,1,2,50
12:00,Lunch,rice,60,5,2918,4,0,99,134,142,22,1,1,67
20:00,Breakfast,milk,15,10,3953,29,2,99,165,125,24,1,0,89
15:00,Breakfast,biscuit,20,10,3351,6,2,70,109,88,32,1,0,87
18:00,Evening,bread,40,8,2039,14,0,89,193,196,28,1,2,50
09:00,Snack,orange,20,10,4791,33,2,89,85,80,26,1,0,93
18:00,Lunch,dosa,35,5,1604,37,1,75,229,223,24,1,2,54
09:00,Lunch,banana,25,15,2407,7,2,70,160,155,29,0,1,71
09:00,Lunch,samosa,40,15,1067,32,0,109,178,180,28,1,1,61
09:00,Breakfast,orange,20,10,4835,18,1,105,111,80,29,0,0,81
15:00,Dinner,biscuit,20,10,598,34,1,109,141,133,23,1,0,93
12:00,Evening,juice,30,20,4917,34,2,74,124,84,30,0,0,93
07:00,Evening,oats,25,5,4058,21,2,93,233,199,24,1,2,52
15:00,Evening,rice,60,5,3380,7,0,95,178,187,31,1,2,54
15:00,Snack,dosa,35,5,1961,8,2,76,116,120,28,1,0,89
15:00,Evening,apple,20,12,2128,13,1,86,210,201,30,1,2,50
07:00,Evening,salad,10,2,4845,22,1,101,154,102,29,0,0,87
20:00,Dinner,apple,20,12,1380,25,2,96,193,183,30,1,2,41
18:00,Snack,nuts,15,4,3772,3,0,94,154,126,25,0,0,95
09:00,Breakfast,upma,30,4,1134,2,0,95,109,120,23,0,0,87
12:00,Evening,idli,30,5,4456,32,1,92,97,80,27,1,0,80
09:00,Breakfast,biscuit,20,10,4428,6,1,109,185,154,23,0,1,75
12:00,Snack,banana,25,15,3982,18,2,88,141,111,26,1,0,86
09:00,Snack,dosa,35,5,314,32,0,79,183,192,27,0,2,56
09:00,Breakfast,juice,30,20,3617,8,2,93,101,85,24,1,0,94
09:00,Evening,samosa,40,15,2311,14,2,103,93,91,30,1,0,82
09:00,Evening,oats,25,5,3791,6,0,75,139,118,29,0,0,94
07:00,Snack,milk,15,10,2884,27,0,83,161,131,27,1,0,84
12:00,Dinner,biryani,70,8,3154,24,1,103,92,100,32,1,0,80
12:00,Evening,upma,30,4,1964,17,1,78,130,122,26,1,0,87
15:00,Lunch,samosa,40,15,4274,3,1,89,86,80,30,0,0,88
20:00,Breakfast,milk,15,10,3007,26,0,74,149,119,32,1,0,95
12:00,Snack,milk,15,10,3983,0,0,84,149,121,26,0,0,92
09:00,Lunch,orange,20,10,4548,13,2,73,187,151,32,0,1,73
18:00,Dinner,juice,30,20,417,19,2,81,122,133,28,1,0,93
15:00,Lunch,coffee,10,8,3171,39,0,76,177,135,24,0,0,81
20:00,Breakfast,poha,35,5,1955,15,2,72,178,173,30,1,1,70
12:00,Dinner,dosa,35,5,4985,34,2,74,115,80,24,0,0,89
20:00,Snack,banana,25,15,2332,25,0,97,192,180,25,1,1,66
07:00,Breakfast,oats,25,5,4777,28,1,108,174,129,29,0,0,80
18:00,Dinner,apple,20,12,4832,28,0,94,117,80,24,0,0,90
12:00,Lunch,orange,20,10,1794,14,1,97,167,159,23,0,1,64
20:00,Lunch,idli,30,5,4838,33,1,105,199,153,28,0,1,63
15:00,Breakfast,salad,10,2,1631,9,0,77,234,221,25,0,2,47
18:00,Lunch,dosa,35,5,3623,26,0,104,174,153,29,1,1,68
09:00,Snack,oats,25,5,2273,27,0,110,128,109,25,1,0,87
15:00,Snack,upma,30,4,749,29,1,74,94,92,22,1,0,89
09:00,Breakfast,oats,25,5,2292,8,1,97,236,226,26,0,2,41
12:00,Evening,orange,20,10,2232,15,0,89,182,170,27,1,1,62
20:00,Dinner,oats,25,5,1286,6,0,104,206,207,28,0,2,47
20:00,Dinner,biscuit,20,10,4701,11,2,91,182,145,24,0,1,75
18:00,Lunch,rice,60,5,3061,1,1,102,171,186,29,1,2,43
20:00,Evening,apple,20,12,1742,23,2,71,168,156,32,1,1,65
20:00,Snack,juice,30,20,3572,27,1,70,162,140,29,1,1,73
07:00,Breakfast,idli,30,5,4765,9,2,95,209,177,24,1,1,68
09:00,Snack,dosa,35,5,3678,38,1,105,222,190,26,0,2,44
07:00,Dinner,apple,20,12,586,30,1,104,133,130,31,0,0,83
07:00,Snack,salad,10,2,2718,10,1,94,207,181,31,1,2,54
20:00,Evening,bread,40,8,3025,31,1,93,219,202,28,0,2,47
18:00,Dinner,dosa,35,5,390,35,1,76,109,115,30,0,0,86
15:00,Evening,chapati,35,3,379,23,0,107,113,119,24,1,0,87
15:00,Dinner,oats,25,5,3684,27,0,93,175,142,28,1,1,72
20:00,Snack,apple,20,12,4172,31,1,94,223,182,30,1,2,59
12:00,Evening,orange,20,10,4783,6,2,72,155,121,24,1,0,90
07:00,Breakfast,nuts,15,4,1424,7,0,102,224,218,32,0,2,53
20:00,Snack,bread,40,8,4143,3,1,90,97,81,25,1,0,92
09:00,Snack,nuts,15,4,1591,21,2,77,164,148,32,1,1,68
20:00,Evening,apple,20,12,4472,28,0,91,92,80,24,1,0,95
20:00,Breakfast,banana,25,15,639,32,1,97,205,202,28,0,2,50
15:00,Breakfast,roti,40,3,4166,16,1,108,133,115,27,1,0,81
15:00,Snack,coffee,10,8,2551,37,1,78,231,195,27,0,2,60
09:00,Snack,upma,30,4,3166,35,0,102,108,80,25,0,0,89
12:00,Snack,upma,30,4,3318,6,1,79,89,80,24,1,0,89
20:00,Lunch,biscuit,20,10,2062,15,0,102,235,224,22,1,2,51
18:00,Dinner,roti,40,3,455,39,2,100,225,226,28,0,2,54
18:00,Evening,milk,15,10,1307,27,0,95,90,80,24,0,0,87
15:00,Evening,biscuit,20,10,1046,12,2,102,144,142,28,0,1,75
20:00,Snack,oats,25,5,3462,5,2,72,229,212,23,0,2,56
20:00,Breakfast,biscuit,20,10,1308,4,2,109,140,141,23,1,1,67
20:00,Breakfast,biscuit,20,10,4090,23,0,75,234,198,28,0,2,42
09:00,Breakfast,bread,40,8,4086,23,0,94,222,202,25,0,2,40
09:00,Evening,chapati,35,3,2389,32,0,95,177,163,26,1,1,69
09:00,Dinner,juice,30,20,2943,13,2,95,218,206,26,0,2,50
18:00,Breakfast,idli,30,5,4777,4,2,75,85,80,31,1,0,88
18:00,Lunch,poha,35,5,1685,2,0,86,162,170,27,0,1,66
20:00,Breakfast,salad,10,2,3226,34,2,100,152,109,29,1,0,81
15:00,Evening,apple,20,12,869,4,0,103,117,124,31,0,0,84
12:00,Lunch,poha,35,5,2381,23,0,75,166,160,23,1,1,65
12:00,Lunch,dosa,35,5,1696,12,0,108,100,99,28,1,0,92
15:00,Lunch,samosa,40,15,3079,32,1,84,139,122,30,0,0,86
12:00,Snack,milk,15,10,3640,20,1,101,152,119,26,1,0,94
07:00,Dinner,roti,40,3,1842,36,0,86,201,191,32,1,2,42
12:00,Lunch,rice,60,5,4795,10,0,98,111,95,23,0,0,80
09:00,Snack,milk,15,10,3506,7,0,110,109,84,22,1,0,91
15:00,Lunch,salad,10,2,4028,34,0,108,161,111,22,0,0,88
15:00,Dinner,poha,35,5,3922,9,0,80,131,113,24,1,0,80
12:00,Lunch,samosa,40,15,2671,5,1,94,167,168,22,1,1,65
12:00,Dinner,salad,10,2,4918,1,0,102,144,101,32,1,0,88
09:00,Snack,roti,40,3,3704,4,0,70,150,135,28,0,0,86
15:00,Evening,biscuit,20,10,4502,13,2,89,132,97,25,0,0,87
09:00,Snack,rice,60,5,856,21,1,78,134,161,27,0,1,69
07:00,Breakfast,juice,30,20,3724,32,1,88,208,180,27,1,1,60
15:00,Snack,chapati,35,3,4832,40,2,103,232,190,27,0,2,54
12:00,Lunch,rice,60,5,4037,7,2,105,134,128,27,1,0,92
09:00,Snack,chapati,35,3,1919,15,0,82,108,106,25,0,0,87
07:00,Lunch,idli,30,5,3389,38,2,94,114,84,25,1,0,92
07:00,Snack,chapati,35,3,3000,39,0,81,229,206,31,0,2,59
20:00,Evening,nuts,15,4,3288,14,1,95,183,156,24,0,1,70
07:00,Dinner,rice,60,5,1196,27,1,83,109,130,32,1,0,83
18:00,Evening,bread,40,8,1805,7,2,73,110,122,30,0,0,87
15:00,Breakfast,salad,10,2,1654,20,1,94,235,215,24,1,2,40
20:00,Lunch,roti,40,3,1999,14,0,100,177,175,24,0,1,71
20:00,Snack,oats,25,5,1224,29,1,92,134,127,27,1,0,82
07:00,Dinner,roti,40,3,3648,14,0,81,218,206,27,0,2,55
09:00,Evening,bread,40,8,587,15,1,109,98,118,24,0,0,88
07:00,Evening,salad,10,2,4653,9,0,106,151,106,30,1,0,86
09:00,Dinner,milk,15,10,2864,7,1,101,146,128,24,1,0,84
09:00,Breakfast,upma,30,4,2140,1,1,80,126,126,30,1,0,91
12:00,Snack,oats,25,5,2779,0,0,93,190,182,23,1,2,52
15:00,Breakfast,samosa,40,15,3526,1,2,94,167,161,24,1,1,70
20:00,Dinner,bread,40,8,2785,0,2,70,204,205,32,0,2,52
15:00,Snack,bread,40,8,3193,33,1,109,105,86,25,0,0,92
18:00,Snack,nuts,15,4,3479,12,1,90,115,86,25,0,0,91
09:00,Snack,samosa,40,15,4818,20,1,106,141,112,23,0,0,80
18:00,Evening,biryani,70,8,4744,36,1,109,145,128,30,1,0,81
15:00,Snack,roti,40,3,2395,22,1,101,132,124,32,1,0,83
18:00,Breakfast,idli,30,5,4156,19,1,76,240,208,26,1,2,44
18:00,Breakfast,poha,35,5,3724,11,0,94,225,206,23,0,2,45
20:00,Dinner,banana,25,15,1156,0,0,91,214,223,22,0,2,54
18:00,Dinner,juice,30,20,1179,15,1,96,173,180,28,0,1,73
09:00,Breakfast,roti,40,3,1259,18,0,97,102,110,26,1,0,83
07:00,Snack,dosa,35,5,3238,32,2,108,99,80,29,0,0,88
15:00,Snack,chapati,35,3,2574,6,0,75,137,132,27,0,0,91
20:00,Lunch,biryani,70,8,4577,26,2,95,234,220,22,0,2,51
12:00,Dinner,salad,10,2,2637,31,0,88,203,168,32,0,1,74
07:00,Breakfast,rice,60,5,2458,26,2,77,171,179,28,0,1,68
18:00,Dinner,nuts,15,4,3326,21,0,88,104,80,28,1,0,90
07:00,Lunch,upma,30,4,653,15,2,82,106,113,22,1,0,82
09:00,Dinner,juice,30,20,4390,30,1,106,106,80,28,1,0,90
09:00,Snack,banana,25,15,4592,3,0,82,180,155,27,0,1,75
20:00,Evening,poha,35,5,4519,16,0,109,209,181,25,1,2,50
15:00,Breakfast,salad,10,2,1853,1,2,88,118,106,26,0,0,90
18:00,Breakfast,samosa,40,15,2691,14,2,101,99,96,27,0,0,83
18:00,Lunch,salad,10,2,2528,27,0,94,210,179,29,0,1,71
12:00,Evening,chapati,35,3,3190,11,0,74,124,109,31,1,0,80
15:00,Dinner,banana,25,15,3071,22,0,78,170,148,30,0,1,62
09:00,Evening,idli,30,5,3176,22,2,107,130,110,25,1,0,89
12:00,Snack,bread,40,8,2110,30,2,71,240,231,28,0,2,45
07:00,Snack,coffee,10,8,3796,23,0,75,157,116,22,0,0,94
12:00,Snack,samosa,40,15,3132,39,2,96,227,211,30,0,2,57
20:00,Lunch,roti,40,3,2910,38,2,89,235,213,26,1,2,45
07:00,Dinner,upma,30,4,4869,3,2,76,200,174,32,1,1,61
07:00,Breakfast,biscuit,20,10,632,2,0,82,150,159,29,0,1,74
15:00,Breakfast,rice,60,5,1583,11,1,108,85,112,29,0,0,84
18:00,Evening,poha,35,5,3825,10,1,79,101,80,23,1,0,83
18:00,Snack,poha,35,5,457,16,2,108,131,143,28,0,1,71
18:00,Lunch,roti,40,3,2522,1,0,81,192,195,23,0,2,44
15:00,Breakfast,chapati,35,3,4152,9,0,110,170,148,29,0,1,68
12:00,Breakfast,banana,25,15,2655,4,2,99,208,203,29,1,2,45
12:00,Dinner,orange,20,10,628,29,0,80,193,189,28,0,2,45
20:00,Lunch,apple,20,12,3347,8,2,75,122,103,29,0,0,95
12:00,Evening,roti,40,3,338,9,0,72,142,164,28,1,1,71
15:00,Dinner,biryani,70,8,1291,19,1,80,155,178,25,0,1,63
15:00,Breakfast,upma,30,4,2018,5,2,73,210,207,28,0,2,57
20:00,Breakfast,biryani,70,8,1227,12,1,107,154,190,26,0,2,43
09:00,Lunch,samosa,40,15,1306,2,0,71,167,187,24,1,2,58
07:00,Evening,upma,30,4,4667,2,0,81,86,80,26,1,0,87
07:00,Breakfast,nuts,15,4,3094,0,2,71,233,213,28,1,2,40
18:00,Evening,dosa,35,5,504,17,2,94,154,168,31,0,1,71
07:00,Lunch,nuts,15,4,1269,33,0,103,226,207,23,1,2,44
07:00,Dinner,orange,20,10,1673,14,0,86,114,108,26,1,0,89
20:00,Lunch,salad,10,2,1307,30,0,99,176,155,22,1,1,64
09:00,Snack,apple,20,12,4007,40,0,82,167,125,30,0,0,90
12:00,Dinner,banana,25,15,3160,29,1,76,184,157,26,0,1,75
09:00,Dinner,salad,10,2,3644,7,1,71,235,202,27,0,2,50
12:00,Snack,biryani,70,8,1279,34,1,106,91,116,29,0,0,92
12:00,Breakfast,dosa,35,5,796,21,0,105,128,133,30,0,0,86
18:00,Breakfast,milk,15,10,1633,39,1,79,217,193,25,0,2,52
18:00,Breakfast,upma,30,4,1578,25,2,109,201,195,30,1,2,49
12:00,Dinner,poha,35,5,3018,19,0,109,189,172,28,1,1,72
07:00,Evening,chapati,35,3,3277,20,0,76,145,124,22,0,0,93
12:00,Evening,idli,30,5,4448,40,1,85,203,162,32,0,1,61
12:00,Lunch,oats,25,5,4980,2,2,83,134,104,22,1,0,80
18:00,Evening,juice,30,20,2210,36,2,105,157,145,23,1,1,66
15:00,Snack,samosa,40,15,3835,2,0,108,98,88,32,0,0,89
09:00,Dinner,chapati,35,3,3404,18,0,78,107,91,25,1,0,90
20:00,Evening,poha,35,5,4186,3,1,101,124,108,30,0,0,93
09:00,Evening,poha,35,5,3355,25,1,105,140,121,24,0,0,81
20:00,Lunch,salad,10,2,1355,36,2,94,177,152,24,0,1,73
18:00,Breakfast,dosa,35,5,1143,8,0,83,231,241,25,1,2,40
07:00,Dinner,nuts,15,4,4353,38,2,103,165,114,28,0,0,93
07:00,Breakfast,orange,20,10,4163,39,1,104,159,114,27,0,0,84
20:00,Breakfast,biryani,70,8,1544,30,0,109,240,250,28,1,2,49
15:00,Snack,idli,30,5,2717,3,0,74,160,154,24,1,1,64
07:00,Lunch,banana,25,15,3027,15,0,101,168,154,28,1,1,72
07:00,Evening,idli,30,5,2957,3,0,94,85,80,28,1,0,85
20:00,Lunch,biryani,70,8,4102,26,2,77,204,201,24,0,2,47
07:00,Dinner,idli,30,5,842,20,0,91,216,222,32,1,2,41
15:00,Lunch,poha,35,5,1768,29,0,77,233,225,31,1,2,56
12:00,Lunch,samosa,40,15,655,7,0,72,110,132,25,0,0,94
12:00,Breakfast,samosa,40,15,2842,20,1,99,142,133,30,1,0,86
18:00,Lunch,juice,30,20,4229,16,1,108,132,111,26,1,0,91
15:00,Snack,bread,40,8,1425,31,1,71,157,153,32,0,1,61
20:00,Snack,roti,40,3,3117,29,2,72,240,221,32,1,2,47
15:00,Dinner,roti,40,3,3324,24,0,84,158,140,22,0,1,75
20:00,Evening,nuts,15,4,2923,37,0,92,103,80,25,0,0,80
15:00,Dinner,dosa,35,5,2409,32,0,78,237,222,22,1,2,48
20:00,Evening,dosa,35,5,3173,13,1,70,144,132,30,1,0,86
07:00,Dinner,oats,25,5,3198,40,0,72,157,126,28,0,0,80
12:00,Dinner,poha,35,5,2481,17,1,97,181,174,24,1,1,65
15:00,Breakfast,samosa,40,15,4378,39,0,108,167,134,23,1,0,81
18:00,Lunch,nuts,15,4,2364,19,1,99,102,80,25,0,0,85
12:00,Lunch,biscuit,20,10,3867,40,2,109,162,118,32,0,0,95
07:00,Snack,salad,10,2,3986,22,2,79,118,80,30,1,0,80
12:00,Dinner,coffee,10,8,3293,29,1,107,147,108,32,1,0,91
20:00,Breakfast,biryani,70,8,4137,33,2,82,162,158,29,0,1,69
15:00,Snack,rice,60,5,782,14,0,91,128,152,26,1,1,66
07:00,Snack,nuts,15,4,2900,35,2,78,149,114,29,1,0,91
15:00,Breakfast,biryani,70,8,4170,19,0,87,239,241,32,1,2,58
15:00,Snack,apple,20,12,746,33,2,103,145,137,32,0,0,94
20:00,Breakfast,oats,25,5,4237,29,2,93,214,177,22,1,1,65
20:00,Lunch,dosa,35,5,1249,35,2,101,149,143,30,0,1,68
07:00,Dinner,coffee,10,8,4077,3,0,73,188,156,31,0,1,66
12:00,Dinner,chapati,35,3,657,18,1,90,114,125,32,0,0,92
20:00,Snack,milk,15,10,2746,0,2,95,114,98,27,0,0,93
12:00,Lunch,salad,10,2,1555,7,1,99,112,101,27,1,0,87
15:00,Breakfast,upma,30,4,3053,7,2,107,95,83,30,0,0,94
18:00,Breakfast,samosa,40,15,750,22,0,83,189,203,31,0,2,58
09:00,Snack,salad,10,2,821,8,2,93,149,144,26,1,1,62
18:00,Breakfast,coffee,10,8,3621,31,2,86,159,115,29,0,0,85
07:00,Snack,orange,20,10,1194,15,1,74,233,231,32,0,2,55
20:00,Snack,dosa,35,5,3305,21,1,85,182,166,29,1,1,61
12:00,Lunch,banana,25,15,3979,25,1,82,175,143,26,1,1,75
07:00,Snack,nuts,15,4,4605,38,2,110,237,183,25,1,2,58
20:00,Snack,samosa,40,15,2047,9,0,89,235,245,26,1,2,45
15:00,Dinner,biryani,70,8,3059,16,0,107,88,107,32,1,0,92
15:00,Lunch,biryani,70,8,3895,13,2,105,237,249,26,1,2,45
07:00,Snack,milk,15,10,1661,39,0,88,128,106,29,1,0,85
15:00,Breakfast,bread,40,8,781,20,0,81,142,156,22,1,1,72
12:00,Evening,samosa,40,15,2475,29,0,84,181,170,25,0,1,70
12:00,Lunch,oats,25,5,2977,26,0,76,228,206,32,0,2,54
15:00,Evening,rice,60,5,3060,1,2,89,94,107,22,0,0,84
07:00,Snack,nuts,15,4,722,25,2,89,154,147,25,0,1,67
15:00,Breakfast,rice,60,5,3218,19,0,80,135,140,31,1,1,62
12:00,Dinner,banana,25,15,2780,21,1,87,153,137,31,1,0,85
07:00,Breakfast,oats,25,5,4024,12,2,77,152,126,27,1,0,93
15:00,Breakfast,biscuit,20,10,4633,11,0,102,119,82,29,0,0,94
12:00,Snack,rice,60,5,1224,31,0,109,129,143,32,1,1,62
09:00,Snack,nuts,15,4,3806,6,0,106,90,80,29,1,0,90
07:00,Lunch,poha,35,5,4916,25,0,104,225,192,25,1,2,48
15:00,Evening,juice,30,20,2492,29,0,88,93,80,24,0,0,93
20:00,Breakfast,bread,40,8,1322,11,2,72,120,132,22,1,0,91
09:00,Dinner,apple,20,12,2496,0,1,80,139,130,26,1,0,93
15:00,Evening,salad,10,2,2703,20,0,92,135,105,23,0,0,95
07:00,Snack,biryani,70,8,3415,9,2,99,138,152,30,1,1,60
18:00,Snack,biscuit,20,10,758,18,2,102,238,238,26,1,2,59
15:00,Evening,coffee,10,8,1820,22,0,98,210,190,28,0,2,40
20:00,Dinner,rice,60,5,2545,36,0,101,86,86,25,1,0,93
09:00,Breakfast,chapati,35,3,1970,29,2,82,215,204,28,0,2,41
20:00,Snack,apple,20,12,1917,8,1,82,94,87,28,0,0,81
20:00,Breakfast,bread,40,8,2187,36,0,75,107,100,27,0,0,81
18:00,Breakfast,coffee,10,8,2270,36,2,91,197,165,28,1,1,65
07:00,Dinner,rice,60,5,1676,38,1,89,181,194,29,1,2,55
09:00,Breakfast,dosa,35,5,4329,5,2,99,128,111,26,1,0,82
09:00,Dinner,upma,30,4,1818,18,2,98,93,87,29,0,0,90
07:00,Dinner,nuts,15,4,507,39,0,76,85,80,26,1,0,92
12:00,Evening,apple,20,12,1383,40,2,97,239,221,31,1,2,46
18:00,Dinner,biscuit,20,10,2367,35,2,105,226,201,27,1,2,59
15:00,Dinner,idli,30,5,1686,40,0,93,220,203,26,1,2,54
09:00,Dinner,juice,30,20,2488,19,1,110,92,82,25,0,0,82
09:00,Evening,idli,30,5,3119,29,0,99,200,174,26,1,1,69
12:00,Dinner,chapati,35,3,924,35,2,97,117,114,25,1,0,85
15:00,Lunch,rice,60,5,2871,9,0,82,85,97,22,1,0,84
07:00,Lunch,idli,30,5,4779,22,1,84,103,80,24,1,0,80
09:00,Evening,upma,30,4,1296,21,2,80,153,152,26,1,1,67
12:00,Evening,biryani,70,8,4273,38,1,98,193,188,25,1,2,48
07:00,Lunch,orange,20,10,4255,1,2,81,118,91,26,1,0,92
07:00,Evening,roti,40,3,2447,24,0,88,155,150,23,0,1,74
12:00,Snack,orange,20,10,788,17,0,75,174,175,27,0,1,65
12:00,Evening,poha,35,5,2799,12,0,101,206,195,26,0,2,45
09:00,Breakfast,salad,10,2,2073,2,0,83,111,96,25,1,0,80
07:00,Lunch,poha,35,5,1185,9,1,107,223,231,31,1,2,42
12:00,Lunch,chapati,35,3,2237,6,0,87,131,131,29,0,0,83
20:00,Lunch,poha,35,5,1365,12,1,101,214,217,28,1,2,42
12:00,Breakfast,coffee,10,8,2123,37,0,88,205,175,27,1,1,75
09:00,Snack,biryani,70,8,3331,37,0,110,147,142,32,0,1,63
07:00,Snack,rice,60,5,3636,13,1,72,223,226,30,1,2,49
12:00,Breakfast,juice,30,20,3331,10,2,79,166,153,23,1,1,60
18:00,Breakfast,biryani,70,8,4370,30,1,78,236,222,25,0,2,48
20:00,Snack,rice,60,5,2617,9,2,91,165,177,29,0,1,63
20:00,Lunch,nuts,15,4,1936,25,2,99,216,196,25,0,2,41
15:00,Dinner,bread,40,8,1077,6,0,88,217,231,31,0,2,57
18:00,Lunch,rice,60,5,4511,31,0,82,240,221,32,1,2,56
18:00,Evening,chapati,35,3,1355,17,1,84,128,133,22,0,0,87
20:00,Evening,juice,30,20,4061,29,0,91,89,80,23,1,0,87
12:00,Evening,juice,30,20,3915,40,1,88,175,144,29,1,1,72
15:00,Dinner,oats,25,5,2864,33,1,98,148,122,32,1,0,87
12:00,Evening,upma,30,4,3656,32,1,88,200,170,23,0,1,69
07:00,Dinner,samosa,40,15,3404,22,2,93,141,130,32,1,0,89
20:00,Snack,poha,35,5,2305,12,1,86,142,137,28,1,0,91
12:00,Evening,milk,15,10,2452,13,2,80,197,178,24,1,1,72
20:00,Dinner,rice,60,5,1428,30,0,101,141,156,30,0,1,66
18:00,Snack,oats,25,5,4933,29,1,80,147,99,31,1,0,92
12:00,Lunch,oats,25,5,2299,13,2,99,107,94,23,1,0,80
09:00,Snack,biryani,70,8,1142,4,0,105,213,247,27,0,2,49
07:00,Snack,dosa,35,5,1869,22,2,91,92,89,28,0,0,93
12:00,Dinner,roti,40,3,3895,3,1,82,194,180,28,1,1,66
07:00,Lunch,chapati,35,3,776,21,2,102,161,166,26,1,1,61
09:00,Lunch,banana,25,15,1174,31,1,87,105,100,29,0,0,84
15:00,Breakfast,coffee,10,8,3868,29,2,110,220,176,30,0,1,62
20:00,Evening,biryani,70,8,455,14,1,79,110,154,25,1,1,74
07:00,Breakfast,salad,10,2,848,3,0,85,135,133,29,0,0,85
15:00,Snack,coffee,10,8,3185,31,0,75,181,142,31,0,1,71
18:00,Breakfast,banana,25,15,394,14,2,108,111,120,29,1,0,91
12:00,Snack,bread,40,8,2592,11,2,101,220,216,31,0,2,49
15:00,Lunch,rice,60,5,2102,7,2,98,209,228,23,0,2,58
09:00,Evening,poha,35,5,1284,16,1,98,200,206,30,1,2,43
15:00,Lunch,idli,30,5,3306,18,1,91,149,132,28,1,0,93
15:00,Breakfast,samosa,40,15,1636,21,1,77,202,206,28,1,2,52
15:00,Evening,coffee,10,8,3806,35,1,96,226,180,27,1,1,66
09:00,Evening,poha,35,5,2246,9,1,105,233,231,24,0,2,43
09:00,Snack,milk,15,10,2394,27,1,108,219,196,26,1,2,45
20:00,Lunch,juice,30,20,4827,14,0,96,181,152,26,0,1,70
07:00,Lunch,coffee,10,8,528,16,2,100,201,197,28,0,2,41
18:00,Breakfast,roti,40,3,3656,3,2,87,88,80,31,1,0,86
07:00,Lunch,bread,40,8,2788,10,2,93,180,176,28,1,1,75
20:00,Evening,nuts,15,4,3728,0,1,84,193,167,22,1,1,62
15:00,Dinner,rice,60,5,4034,3,0,83,228,226,32,0,2,57
12:00,Breakfast,biryani,70,8,1018,33,2,97,233,250,29,1,2,54
18:00,Snack,salad,10,2,4391,16,2,74,131,86,30,0,0,91
15:00,Dinner,biscuit,20,10,2378,36,2,109,186,162,24,0,1,64
20:00,Evening,samosa,40,15,1747,10,1,79,168,178,27,0,1,75
09:00,Lunch,bread,40,8,2249,7,1,82,136,139,29,0,0,93
12:00,Lunch,apple,20,12,2705,22,1,98,199,178,29,1,1,73
15:00,Lunch,biscuit,20,10,777,25,0,106,126,124,32,0,0,91
12:00,Snack,bread,40,8,4264,0,2,96,216,205,24,1,2,58
12:00,Dinner,oats,25,5,3582,26,1,74,110,80,31,1,0,90
12:00,Lunch,idli,30,5,2726,34,0,77,88,80,30,1,0,93
20:00,Breakfast,banana,25,15,309,8,1,99,219,235,25,1,2,48
09:00,Dinner,biscuit,20,10,4601,12,1,102,167,133,27,1,0,88
12:00,Snack,biscuit,20,10,2579,27,1,73,99,80,29,1,0,85
18:00,Dinner,apple,20,12,2455,31,2,92,124,101,28,1,0,81
09:00,Dinner,roti,40,3,3773,1,2,73,136,126,27,1,0,93
20:00,Breakfast,dosa,35,5,519,34,0,94,143,149,32,0,1,60
09:00,Dinner,biryani,70,8,1925,21,0,89,197,217,31,1,2,45
20:00,Snack,coffee,10,8,4644,24,1,94,115,80,31,1,0,90
20:00,Dinner,juice,30,20,1406,28,1,70,153,152,27,0,1,60
12:00,Lunch,milk,15,10,1691,27,2,106,198,180,23,0,1,63
15:00,Lunch,biryani,70,8,1848,16,0,84,217,238,25,0,2,41
18:00,Lunch,upma,30,4,1011,39,1,70,149,141,23,0,1,62
18:00,Evening,banana,25,15,1772,8,1,94,198,196,25,1,2,48
15:00,Dinner,milk,15,10,3147,11,2,96,97,80,27,0,0,87
12:00,Breakfast,dosa,35,5,711,28,1,79,209,214,30,1,2,55
20:00,Evening,chapati,35,3,3860,14,0,74,216,192,23,0,2,48
15:00,Snack,upma,30,4,304,24,2,110,216,225,32,1,2,48
12:00,Lunch,rice,60,5,2658,37,0,96,195,188,25,1,2,49
09:00,Evening,poha,35,5,4327,7,1,85,104,80,25,0,0,87
07:00,Evening,apple,20,12,3276,27,0,110,131,102,23,0,0,82
15:00,Breakfast,samosa,40,15,466,22,2,88,168,183,27,0,2,40
12:00,Snack,dosa,35,5,3960,38,2,90,148,112,22,0,0,82
15:00,Snack,juice,30,20,1384,15,2,102,150,154,26,1,1,72
12:00,Dinner,upma,30,4,520,3,2,71,215,231,22,1,2,41
12:00,Dinner,apple,20,12,4000,13,0,80,106,80,26,1,0,91
18:00,Dinner,banana,25,15,2133,25,2,92,189,176,26,1,1,60
09:00,Snack,apple,20,12,2934,35,2,97,201,173,28,1,1,67
07:00,Lunch,milk,15,10,3235,16,0,100,169,142,23,0,1,72
15:00,Snack,salad,10,2,437,28,0,78,190,180,27,1,1,62
18:00,Dinner,orange,20,10,1388,9,0,96,142,140,31,1,1,60
12:00,Breakfast,oats,25,5,1213,7,2,99,86,89,25,0,0,86
09:00,Breakfast,poha,35,5,1148,35,0,89,171,168,27,1,1,70
18:00,Breakfast,bread,40,8,440,36,1,98,170,180,28,1,1,66
18:00,Lunch,apple,20,12,1206,12,0,88,203,202,30,1,2,45
18:00,Dinner,oats,25,5,2504,18,2,95,192,176,27,0,1,73
09:00,Breakfast,salad,10,2,3956,9,1,82,138,100,28,0,0,93
18:00,Snack,coffee,10,8,3132,22,2,110,152,119,29,0,0,82
09:00,Dinner,dosa,35,5,796,19,1,70,156,164,22,0,1,71
15:00,Snack,biryani,70,8,2054,8,2,82,171,203,32,0,2,58
18:00,Dinner,samosa,40,15,4960,31,1,85,240,209,30,0,2,46
09:00,Snack,nuts,15,4,2943,30,2,88,221,188,29,0,2,46
20:00,Evening,upma,30,4,2552,30,2,73,208,187,28,1,2,56
07:00,Snack,juice,30,20,4508,11,0,72,196,174,22,1,1,66
09:00,Dinner,roti,40,3,4629,29,1,95,149,113,29,1,0,80
